{
  "baseline": {
    "accuracy": 0.4507936507936508,
    "adenocarcinoma_precision": 0.5476190476190477,
    "adenocarcinoma_recall": 0.19166666666666668,
    "adenocarcinoma_f1": 0.2839506172839506,
    "large_cell_carcinoma_precision": 0.14516129032258066,
    "large_cell_carcinoma_recall": 0.17647058823529413,
    "large_cell_carcinoma_f1": 0.1592920353982301,
    "squamous_cell_carcinoma_precision": 0.3670886075949367,
    "squamous_cell_carcinoma_recall": 0.6444444444444445,
    "squamous_cell_carcinoma_f1": 0.46774193548387094,
    "normal_precision": 0.9811320754716981,
    "normal_recall": 0.9629629629629629,
    "normal_f1": 0.9719626168224299,
    "macro_f1": 0.47073680124712036,
    "weighted_f1": 0.4342245186709315,
    "adenocarcinoma_auc": 0.6457692307692309,
    "large_cell_carcinoma_auc": 0.5441176470588236,
    "squamous_cell_carcinoma_auc": 0.580641975308642,
    "normal_auc": 0.9998580956435363,
    "macro_auc": 0.6925967371950582,
    "ece": 0.07736975957476905
  },
  "improved": {
    "accuracy": 0.8126984126984127,
    "adenocarcinoma_precision": 0.7266187050359713,
    "adenocarcinoma_recall": 0.8416666666666667,
    "adenocarcinoma_f1": 0.7799227799227799,
    "large_cell_carcinoma_precision": 0.6984126984126984,
    "large_cell_carcinoma_recall": 0.8627450980392157,
    "large_cell_carcinoma_f1": 0.7719298245614035,
    "squamous_cell_carcinoma_precision": 0.967741935483871,
    "squamous_cell_carcinoma_recall": 0.6666666666666666,
    "squamous_cell_carcinoma_f1": 0.7894736842105263,
    "normal_precision": 1.0,
    "normal_recall": 0.9444444444444444,
    "normal_f1": 0.9714285714285714,
    "macro_f1": 0.8281887150308203,
    "weighted_f1": 0.8141870764427155,
    "adenocarcinoma_auc": 0.913974358974359,
    "large_cell_carcinoma_auc": 0.9571449792038027,
    "squamous_cell_carcinoma_auc": 0.9518024691358025,
    "normal_auc": 0.9538810841492834,
    "macro_auc": 0.9442007228658119,
    "ece": 0.13859681458700268
  },
  "delta": {
    "accuracy_delta": 0.3619047619047619,
    "macro_f1_delta": 0.3574519137836999,
    "weighted_f1_delta": 0.379962557771784,
    "adenocarcinoma_precision_delta": 0.17899965741692359,
    "adenocarcinoma_recall_delta": 0.65,
    "adenocarcinoma_f1_delta": 0.4959721626388293,
    "large_cell_carcinoma_precision_delta": 0.5532514080901177,
    "large_cell_carcinoma_recall_delta": 0.6862745098039216,
    "large_cell_carcinoma_f1_delta": 0.6126377891631734,
    "squamous_cell_carcinoma_precision_delta": 0.6006533278889343,
    "squamous_cell_carcinoma_recall_delta": 0.022222222222222143,
    "squamous_cell_carcinoma_f1_delta": 0.3217317487266554,
    "normal_precision_delta": 0.018867924528301883,
    "normal_recall_delta": -0.01851851851851849,
    "normal_f1_delta": -0.0005340453938584844
  },
  "statistical_tests": {
    "mcnemar": {
      "statistic": 82.91558441558442,
      "p_value": 0.0,
      "contingency_table": [
        [
          122,
          20
        ],
        [
          134,
          39
        ]
      ],
      "n_correct_wrong": 20,
      "n_wrong_correct": 134
    },
    "cohen_kappa": 0.2880153802187524
  },
  "confusion_matrices": {
    "baseline": [
      [
        23,
        28,
        68,
        1
      ],
      [
        10,
        9,
        32,
        0
      ],
      [
        8,
        24,
        58,
        0
      ],
      [
        1,
        1,
        0,
        52
      ]
    ],
    "improved": [
      [
        101,
        17,
        2,
        0
      ],
      [
        7,
        44,
        0,
        0
      ],
      [
        28,
        2,
        60,
        0
      ],
      [
        3,
        0,
        0,
        51
      ]
    ]
  }
}
