{
  "importances_mean": [
    0.013333333333333286,
    0.002857142857142847,
    0.0022222222222222144,
    0.0034920634920634795,
    0.002857142857142847,
    0.008253968253968225,
    0.0031746031746031633,
    0.002857142857142847,
    0.0015873015873015817,
    0.008888888888888858,
    0.011746031746031704,
    0.0022222222222222144,
    0.0012698412698412653,
    0.0012698412698412653,
    0.005079365079365061,
    0.005396825396825367
  ],
  "importances_std": [
    0.004211587035371922,
    0.0022222222222222144,
    0.0014547859349066106,
    0.0026370234485454114,
    0.0026370234485454114,
    0.004306241259127139,
    0.0024590370452110496,
    0.0022222222222222144,
    0.0015873015873015817,
    0.004665694748158418,
    0.0063571379030161,
    0.0020327378531532782,
    0.002105793517685961,
    0.002105793517685961,
    0.004306241259127139,
    0.004500776786907251
  ],
  "feature_names": [
    "sphericity",
    "major_axis_length",
    "solidity",
    "perimeter",
    "compactness",
    "eccentricity",
    "extent",
    "glcm_correlation_std",
    "glcm_contrast_mean",
    "wavelet_L2_HH_energy",
    "wavelet_L2_HL_energy",
    "wavelet_L1_LH_mean",
    "wavelet_L2_HH_mean",
    "wavelet_L1_HH_energy",
    "max_gradient",
    "ggo_ratio"
  ],
  "baseline_accuracy": 0.9523809523809523,
  "sorted_indices": [
    0,
    10,
    9,
    5,
    15,
    14,
    3,
    6,
    7,
    4,
    1,
    11,
    2,
    8,
    13,
    12
  ]
}
