{
  "importances_mean": [
    -0.003809523809523796,
    0.0015873015873015817,
    -0.000952380952380949,
    0.001904761904761898,
    -0.0003174603174603163,
    0.001904761904761898,
    -0.0034920634920634795,
    -0.006984126984126959,
    0.003809523809523796,
    0.0003174603174603163,
    -0.0060317460317460105,
    0.0003174603174603163,
    -0.0015873015873015817,
    -0.0022222222222222144,
    0.0012698412698412653,
    0.005079365079365061,
    0.000952380952380949,
    0.000952380952380949,
    0.0006349206349206326,
    -0.0031746031746031633,
    -0.003809523809523796,
    -0.0006349206349206326,
    0.004761904761904745,
    0.003809523809523796,
    0.005079365079365061,
    0.002857142857142847,
    0.006349206349206327,
    -0.0003174603174603163,
    0.003809523809523796,
    0.009841269841269817,
    0.0012698412698412653,
    0.0022222222222222144,
    -0.004761904761904745,
    -0.0003174603174603163,
    0.0031746031746031633,
    0.000952380952380949,
    0.001904761904761898,
    0.000952380952380949,
    0.0022222222222222144,
    0.002857142857142847,
    -0.0003174603174603163,
    0.001904761904761898,
    0.0015873015873015817,
    0.004126984126984113,
    0.004444444444444429,
    0.0003174603174603163,
    0.000952380952380949,
    0.0025396825396825306,
    0.000952380952380949,
    -0.0031746031746031633
  ],
  "importances_std": [
    0.0034191522584980857,
    0.0029268395102517,
    0.0020327378531532782,
    0.0015552315827194725,
    0.0026370234485454114,
    0.0032374727070430265,
    0.003875097020867829,
    0.0037021916792668442,
    0.002375655483665986,
    0.000952380952380949,
    0.004804046333467144,
    0.0022222222222222144,
    0.004761904761904745,
    0.002857142857142847,
    0.0015552315827194725,
    0.0029095718698132216,
    0.002032737853153278,
    0.0014547859349066106,
    0.0012698412698412653,
    0.0031746031746031633,
    0.0037021916792668447,
    0.0031104631654389455,
    0.0015873015873015817,
    0.0012698412698412653,
    0.00430624125912714,
    0.0022222222222222144,
    0.00401559067957888,
    0.0017095761292490429,
    0.0034191522584980857,
    0.004126984126984137,
    0.0015552315827194725,
    0.0014547859349066106,
    0.00407785161227463,
    0.000952380952380949,
    0.0014197256999998614,
    0.0031904367051177316,
    0.0015552315827194725,
    0.0014547859349066106,
    0.0024794443415576592,
    0.0022222222222222144,
    0.0022222222222222144,
    0.0015552315827194725,
    0.0025594469042217525,
    0.004270991760975766,
    0.004306241259127139,
    0.000952380952380949,
    0.0024794443415576592,
    0.001904761904761898,
    0.003190436705117731,
    0.00401559067957888
  ],
  "feature_names": [
    "mean_intensity",
    "std_intensity",
    "skewness",
    "kurtosis",
    "percentile_10",
    "percentile_90",
    "intensity_range",
    "entropy",
    "glcm_contrast_mean",
    "glcm_contrast_std",
    "glcm_homogeneity_mean",
    "glcm_homogeneity_std",
    "glcm_energy_mean",
    "glcm_energy_std",
    "glcm_correlation_mean",
    "glcm_correlation_std",
    "glcm_dissimilarity_mean",
    "glcm_dissimilarity_std",
    "glcm_ASM_mean",
    "glcm_ASM_std",
    "glcm_entropy",
    "area",
    "perimeter",
    "eccentricity",
    "solidity",
    "extent",
    "major_axis_length",
    "minor_axis_length",
    "compactness",
    "sphericity",
    "solid_ratio",
    "ggo_ratio",
    "low_density_ratio",
    "mean_gradient",
    "max_gradient",
    "boundary_irregularity",
    "wavelet_L1_LH_energy",
    "wavelet_L1_HL_energy",
    "wavelet_L1_HH_energy",
    "wavelet_L1_LH_mean",
    "wavelet_L1_HL_mean",
    "wavelet_L1_HH_mean",
    "wavelet_L2_LH_energy",
    "wavelet_L2_HL_energy",
    "wavelet_L2_HH_energy",
    "wavelet_L2_LH_mean",
    "wavelet_L2_HL_mean",
    "wavelet_L2_HH_mean",
    "wavelet_approx_energy",
    "wavelet_approx_mean"
  ],
  "baseline_accuracy": 0.8126984126984127,
  "sorted_indices": [
    29,
    26,
    15,
    24,
    22,
    44,
    43,
    28,
    23,
    8,
    34,
    39,
    25,
    47,
    31,
    38,
    36,
    41,
    5,
    3,
    1,
    42,
    14,
    30,
    16,
    46,
    48,
    35,
    37,
    17,
    18,
    45,
    9,
    11,
    4,
    27,
    40,
    33,
    21,
    2,
    12,
    13,
    19,
    49,
    6,
    20,
    0,
    32,
    10,
    7
  ]
}
